name,microseconds
2_8,162.571000
8_14,148.186000
8_14_null_2,145.466000
8_14_null_10,158.430000
8_14_null_100,154.936000
2_8,152.072000
8_14,152.720000
8_14_null_2,145.710000
8_14_null_10,161.799000
8_14_null_100,157.541000
2_8,154.268000
8_14,155.180000
8_14_null_2,145.480000
8_14_null_10,164.597000
8_14_null_100,160.341000
2_8,153.375000
8_14,155.131000
8_14_null_2,145.478000
8_14_null_10,164.493000
8_14_null_100,158.840000
2_8,154.866000
8_14,155.862000
8_14_null_2,145.565000
8_14_null_10,164.353000
8_14_null_100,160.358000
2_8,155.311000
8_14,156.073000
8_14_null_2,146.451000
8_14_null_10,167.731000
8_14_null_100,160.409000
2_8,156.150000
8_14,156.102000
8_14_null_2,147.362000
8_14_null_10,167.973000
8_14_null_100,160.193000
2_8,156.119000
8_14,156.001000
8_14_null_2,148.117000
8_14_null_10,168.919000
8_14_null_100,160.243000
2_8,156.005000
8_14,156.083000
8_14_null_2,148.579000
8_14_null_10,169.214000
8_14_null_100,160.376000
2_8,156.109000
8_14,156.138000
8_14_null_2,148.925000
8_14_null_10,169.349000
8_14_null_100,160.302000
2_8,156.101000
8_14,156.099000
8_14_null_2,149.553000
8_14_null_10,169.426000
8_14_null_100,160.723000
2_8,155.807000
8_14,156.056000
8_14_null_2,147.816000
8_14_null_10,171.893000
8_14_null_100,160.321000
2_8,155.197000
8_14,156.059000
8_14_null_2,149.095000
8_14_null_10,169.493000
8_14_null_100,160.238000
2_8,155.246000
8_14,156.141000
8_14_null_2,150.120000
8_14_null_10,169.730000
8_14_null_100,160.301000
2_8,155.744000
8_14,156.059000
8_14_null_2,149.375000
8_14_null_10,169.788000
8_14_null_100,160.229000
2_8,155.760000
8_14,156.100000
8_14_null_2,150.851000
8_14_null_10,169.473000
8_14_null_100,160.342000
2_8,155.809000
8_14,156.116000
8_14_null_2,150.091000
8_14_null_10,169.578000
8_14_null_100,160.205000
2_8,155.924000
8_14,156.095000
8_14_null_2,151.853000
8_14_null_10,169.598000
8_14_null_100,160.296000
2_8,155.843000
8_14,155.989000
8_14_null_2,150.736000
8_14_null_10,169.597000
8_14_null_100,160.220000
2_8,156.081000
8_14,156.045000
8_14_null_2,151.192000
8_14_null_10,169.735000
8_14_null_100,160.223000
2_8,156.150000
8_14,156.101000
8_14_null_2,151.253000
8_14_null_10,169.361000
8_14_null_100,160.373000
2_8,156.253000
8_14,156.174000
8_14_null_2,151.200000
8_14_null_10,169.502000
8_14_null_100,160.258000
2_8,156.108000
8_14,156.041000
8_14_null_2,152.202000
8_14_null_10,169.463000
8_14_null_100,160.347000
2_8,156.319000
8_14,155.981000
8_14_null_2,151.896000
8_14_null_10,169.604000
8_14_null_100,160.176000
2_8,156.031000
8_14,156.014000
8_14_null_2,151.750000
8_14_null_10,169.596000
8_14_null_100,160.251000
2_8,156.143000
8_14,155.996000
8_14_null_2,152.278000
8_14_null_10,169.476000
8_14_null_100,160.339000
2_8,155.956000
8_14,156.102000
8_14_null_2,153.130000
8_14_null_10,169.467000
8_14_null_100,160.182000
2_8,156.165000
8_14,156.155000
8_14_null_2,153.513000
8_14_null_10,169.534000
8_14_null_100,159.723000
2_8,155.913000
8_14,156.099000
8_14_null_2,153.964000
8_14_null_10,169.645000
8_14_null_100,160.298000
2_8,155.985000
8_14,156.393000
8_14_null_2,153.416000
8_14_null_10,169.648000
8_14_null_100,160.276000
2_8,155.902000
8_14,156.014000
8_14_null_2,153.985000
8_14_null_10,170.269000
8_14_null_100,160.323000
2_8,156.182000
8_14,156.262000
8_14_null_2,154.161000
8_14_null_10,169.008000
8_14_null_100,160.205000
2_8,156.025000
8_14,156.162000
8_14_null_2,153.310000
8_14_null_10,169.551000
8_14_null_100,160.395000
2_8,155.832000
8_14,156.138000
8_14_null_2,154.078000
8_14_null_10,169.596000
8_14_null_100,160.251000
2_8,155.841000
8_14,156.062000
8_14_null_2,153.079000
8_14_null_10,169.651000
8_14_null_100,160.347000
2_8,155.884000
8_14,156.055000
8_14_null_2,154.735000
8_14_null_10,169.452000
8_14_null_100,160.422000
2_8,155.963000
8_14,156.107000
8_14_null_2,153.645000
8_14_null_10,169.454000
8_14_null_100,160.226000
2_8,155.911000
8_14,156.139000
8_14_null_2,154.550000
8_14_null_10,169.470000
8_14_null_100,160.377000
2_8,155.866000
8_14,156.029000
8_14_null_2,153.760000
8_14_null_10,169.689000
8_14_null_100,160.305000
2_8,156.185000
8_14,156.057000
8_14_null_2,153.398000
8_14_null_10,169.744000
8_14_null_100,160.289000
2_8,156.156000
8_14,156.040000
8_14_null_2,153.439000
8_14_null_10,169.466000
8_14_null_100,160.373000
2_8,155.992000
8_14,156.131000
8_14_null_2,154.668000
8_14_null_10,169.616000
8_14_null_100,160.264000
2_8,155.931000
8_14,156.164000
8_14_null_2,154.501000
8_14_null_10,168.360000
8_14_null_100,160.413000
2_8,155.622000
8_14,156.079000
8_14_null_2,155.068000
8_14_null_10,169.552000
8_14_null_100,160.306000
2_8,155.889000
8_14,156.210000
8_14_null_2,154.518000
8_14_null_10,169.621000
8_14_null_100,160.259000
2_8,155.927000
8_14,155.972000
8_14_null_2,155.453000
8_14_null_10,169.401000
8_14_null_100,160.342000
2_8,156.027000
8_14,156.105000
8_14_null_2,154.202000
8_14_null_10,169.617000
8_14_null_100,160.222000
2_8,155.950000
8_14,156.115000
8_14_null_2,155.007000
8_14_null_10,169.573000
8_14_null_100,160.519000
2_8,156.249000
8_14,156.058000
8_14_null_2,154.730000
8_14_null_10,169.686000
8_14_null_100,160.220000
2_8,155.869000
8_14,156.056000
8_14_null_2,154.946000
8_14_null_10,169.679000
8_14_null_100,160.294000
2_8,155.913000
8_14,156.017000
8_14_null_2,155.392000
8_14_null_10,169.515000
8_14_null_100,160.453000
2_8,155.915000
8_14,156.096000
8_14_null_2,154.542000
8_14_null_10,169.510000
8_14_null_100,160.201000
2_8,155.904000
8_14,156.083000
8_14_null_2,155.200000
8_14_null_10,169.484000
8_14_null_100,160.403000
2_8,156.150000
8_14,156.039000
8_14_null_2,155.339000
8_14_null_10,169.694000
8_14_null_100,160.262000
2_8,155.905000
8_14,156.069000
8_14_null_2,154.917000
8_14_null_10,169.681000
8_14_null_100,160.305000
2_8,155.936000
8_14,156.046000
8_14_null_2,156.117000
8_14_null_10,169.437000
8_14_null_100,160.427000
2_8,156.200000
8_14,156.160000
8_14_null_2,155.503000
8_14_null_10,169.590000
8_14_null_100,160.274000
2_8,155.980000
8_14,156.055000
8_14_null_2,155.627000
8_14_null_10,169.568000
8_14_null_100,160.481000
2_8,155.655000
8_14,156.128000
8_14_null_2,154.881000
8_14_null_10,169.675000
8_14_null_100,160.274000
2_8,155.575000
8_14,156.058000
8_14_null_2,155.022000
8_14_null_10,169.667000
8_14_null_100,160.287000
2_8,156.195000
8_14,156.075000
8_14_null_2,155.520000
8_14_null_10,168.530000
8_14_null_100,160.367000
2_8,155.748000
8_14,156.154000
8_14_null_2,155.696000
8_14_null_10,173.556000
8_14_null_100,167.666000
2_8,160.221000
8_14,156.164000
8_14_null_2,156.055000
8_14_null_10,169.657000
8_14_null_100,160.269000
2_8,155.832000
8_14,156.043000
8_14_null_2,156.000000
8_14_null_10,169.673000
8_14_null_100,160.208000
2_8,155.607000
8_14,156.265000
8_14_null_2,152.493000
8_14_null_10,169.825000
8_14_null_100,160.314000
2_8,155.919000
8_14,155.991000
8_14_null_2,155.967000
8_14_null_10,169.489000
8_14_null_100,160.377000
2_8,155.631000
8_14,156.031000
8_14_null_2,155.963000
8_14_null_10,169.466000
8_14_null_100,160.446000
2_8,155.726000
8_14,156.050000
8_14_null_2,155.556000
8_14_null_10,169.611000
8_14_null_100,160.290000
2_8,156.267000
8_14,156.033000
8_14_null_2,156.000000
8_14_null_10,169.680000
8_14_null_100,160.287000
2_8,156.227000
8_14,156.210000
8_14_null_2,156.027000
8_14_null_10,169.707000
8_14_null_100,160.322000
2_8,155.975000
8_14,155.983000
8_14_null_2,156.004000
8_14_null_10,169.498000
8_14_null_100,160.373000
2_8,155.601000
8_14,156.166000
8_14_null_2,155.917000
8_14_null_10,169.505000
8_14_null_100,160.251000
2_8,155.834000
8_14,157.104000
8_14_null_2,156.363000
8_14_null_10,169.739000
8_14_null_100,161.220000
2_8,156.270000
8_14,156.035000
8_14_null_2,156.241000
8_14_null_10,182.188000
8_14_null_100,174.621000
2_8,176.750000
8_14,161.067000
8_14_null_2,155.555000
8_14_null_10,175.915000
8_14_null_100,163.106000
2_8,155.987000
8_14,156.561000
8_14_null_2,155.899000
8_14_null_10,171.771000
8_14_null_100,163.069000
2_8,169.946000
8_14,156.077000
8_14_null_2,156.025000
8_14_null_10,169.600000
8_14_null_100,160.175000
2_8,156.003000
8_14,156.181000
8_14_null_2,155.940000
8_14_null_10,169.620000
8_14_null_100,160.270000
2_8,156.217000
8_14,156.102000
8_14_null_2,156.094000
8_14_null_10,169.549000
8_14_null_100,160.101000
2_8,155.978000
8_14,156.045000
8_14_null_2,156.026000
8_14_null_10,170.039000
8_14_null_100,160.957000
2_8,155.928000
8_14,156.098000
8_14_null_2,155.947000
8_14_null_10,169.784000
8_14_null_100,160.234000
2_8,156.137000
8_14,155.960000
8_14_null_2,156.099000
8_14_null_10,169.688000
8_14_null_100,160.168000
2_8,155.929000
8_14,156.191000
8_14_null_2,155.987000
8_14_null_10,169.554000
8_14_null_100,160.312000
2_8,156.011000
8_14,156.074000
8_14_null_2,156.138000
8_14_null_10,169.589000
8_14_null_100,160.324000
2_8,156.234000
8_14,155.997000
8_14_null_2,156.066000
8_14_null_10,169.651000
8_14_null_100,160.294000
2_8,155.883000
8_14,156.130000
8_14_null_2,155.971000
8_14_null_10,168.933000
8_14_null_100,160.269000
2_8,155.727000
8_14,155.975000
8_14_null_2,155.926000
8_14_null_10,169.520000
8_14_null_100,160.241000
2_8,156.039000
8_14,155.735000
8_14_null_2,155.927000
8_14_null_10,169.542000
8_14_null_100,160.304000
2_8,155.768000
8_14,156.057000
8_14_null_2,156.076000
8_14_null_10,169.620000
8_14_null_100,160.365000
2_8,156.128000
8_14,156.041000
8_14_null_2,155.957000
8_14_null_10,169.616000
8_14_null_100,160.268000
2_8,156.046000
8_14,156.084000
8_14_null_2,155.959000
8_14_null_10,169.035000
8_14_null_100,160.361000
2_8,155.755000
8_14,156.035000
8_14_null_2,156.005000
8_14_null_10,169.707000
8_14_null_100,160.388000
2_8,156.026000
8_14,156.143000
8_14_null_2,155.961000
8_14_null_10,169.588000
8_14_null_100,160.309000
2_8,156.249000
8_14,156.037000
8_14_null_2,156.094000
8_14_null_10,168.791000
8_14_null_100,160.385000
2_8,155.638000
8_14,156.125000
8_14_null_2,155.987000
8_14_null_10,169.637000
8_14_null_100,160.350000
2_8,156.153000
8_14,156.076000
8_14_null_2,155.931000
8_14_null_10,169.681000
8_14_null_100,160.312000
2_8,156.027000
8_14,156.029000
8_14_null_2,155.998000
8_14_null_10,169.577000
8_14_null_100,160.260000
2_8,156.303000
8_14,156.185000
8_14_null_2,155.942000
8_14_null_10,169.482000
8_14_null_100,160.272000
2_8,156.118000
8_14,156.064000
8_14_null_2,156.099000
8_14_null_10,169.584000
8_14_null_100,160.336000
2_8,156.025000
8_14,156.065000
8_14_null_2,156.014000
8_14_null_10,169.667000
8_14_null_100,160.244000
2_8,156.369000
8_14,156.031000
8_14_null_2,156.089000
8_14_null_10,169.804000
8_14_null_100,160.254000
2_8,156.287000
8_14,156.041000
8_14_null_2,155.913000
8_14_null_10,169.597000
8_14_null_100,160.413000
2_8,156.238000
8_14,156.132000
8_14_null_2,155.910000
8_14_null_10,169.490000
8_14_null_100,160.533000
2_8,156.033000
8_14,156.097000
8_14_null_2,156.212000
8_14_null_10,169.828000
8_14_null_100,160.380000
2_8,156.248000
8_14,156.038000
8_14_null_2,156.008000
8_14_null_10,170.017000
8_14_null_100,160.218000
2_8,155.993000
8_14,156.157000
8_14_null_2,156.214000
8_14_null_10,169.723000
8_14_null_100,160.313000
2_8,156.080000
8_14,156.088000
8_14_null_2,156.072000
8_14_null_10,169.851000
8_14_null_100,160.444000
2_8,156.255000
8_14,156.207000
8_14_null_2,155.981000
8_14_null_10,169.670000
8_14_null_100,160.336000
2_8,156.234000
8_14,155.985000
8_14_null_2,156.122000
8_14_null_10,169.482000
8_14_null_100,160.353000
2_8,156.149000
8_14,156.034000
8_14_null_2,156.045000
8_14_null_10,169.683000
8_14_null_100,160.234000
2_8,156.115000
8_14,156.072000
8_14_null_2,156.015000
8_14_null_10,169.656000
8_14_null_100,160.307000
2_8,155.396000
8_14,156.005000
8_14_null_2,156.041000
8_14_null_10,169.563000
8_14_null_100,160.316000
2_8,156.426000
8_14,156.211000
8_14_null_2,155.950000
8_14_null_10,169.615000
8_14_null_100,160.709000
2_8,156.101000
8_14,156.127000
8_14_null_2,156.200000
8_14_null_10,169.540000
8_14_null_100,160.454000
2_8,156.239000
8_14,156.064000
8_14_null_2,155.968000
8_14_null_10,169.705000
8_14_null_100,160.335000
2_8,155.945000
8_14,156.104000
8_14_null_2,155.963000
8_14_null_10,170.096000
8_14_null_100,160.470000
2_8,155.595000
8_14,156.098000
8_14_null_2,155.941000
8_14_null_10,169.506000
8_14_null_100,160.345000
2_8,156.036000
8_14,156.121000
8_14_null_2,155.935000
8_14_null_10,169.519000
8_14_null_100,160.257000
2_8,155.980000
8_14,156.041000
8_14_null_2,155.568000
8_14_null_10,169.545000
8_14_null_100,160.319000
2_8,156.011000
8_14,156.086000
8_14_null_2,155.971000
8_14_null_10,169.688000
8_14_null_100,160.239000
2_8,155.942000
8_14,156.112000
8_14_null_2,155.967000
8_14_null_10,168.921000
8_14_null_100,160.346000
2_8,155.714000
8_14,156.111000
8_14_null_2,156.009000
8_14_null_10,169.707000
8_14_null_100,160.135000
2_8,156.011000
8_14,156.067000
8_14_null_2,156.009000
8_14_null_10,169.514000
8_14_null_100,160.278000
2_8,156.294000
8_14,156.041000
8_14_null_2,156.054000
8_14_null_10,169.638000
8_14_null_100,160.219000
2_8,156.136000
8_14,156.108000
8_14_null_2,155.993000
8_14_null_10,169.690000
8_14_null_100,160.304000
2_8,155.995000
8_14,156.137000
8_14_null_2,155.976000
8_14_null_10,168.878000
8_14_null_100,160.410000
2_8,155.746000
8_14,156.021000
8_14_null_2,156.072000
8_14_null_10,169.533000
8_14_null_100,160.374000
2_8,156.036000
8_14,156.170000
8_14_null_2,155.970000
8_14_null_10,169.551000
8_14_null_100,160.263000
2_8,156.252000
8_14,156.086000
8_14_null_2,156.139000
8_14_null_10,169.006000
8_14_null_100,160.226000
2_8,155.876000
8_14,156.033000
8_14_null_2,155.977000
8_14_null_10,169.651000
8_14_null_100,160.300000
2_8,155.758000
8_14,155.725000
8_14_null_2,155.934000
8_14_null_10,169.634000
8_14_null_100,160.339000
2_8,156.001000
8_14,156.042000
8_14_null_2,155.970000
8_14_null_10,169.967000
8_14_null_100,159.928000
2_8,155.835000
8_14,156.100000
8_14_null_2,155.971000
8_14_null_10,169.555000
8_14_null_100,160.216000
2_8,156.138000
8_14,156.036000
8_14_null_2,156.113000
8_14_null_10,169.699000
8_14_null_100,160.316000
2_8,156.026000
8_14,156.059000
8_14_null_2,156.003000
8_14_null_10,169.666000
8_14_null_100,160.309000
2_8,156.057000
8_14,156.065000
8_14_null_2,156.003000
8_14_null_10,169.671000
8_14_null_100,160.418000
2_8,156.202000
8_14,156.027000
8_14_null_2,156.053000
8_14_null_10,169.588000
8_14_null_100,160.382000
2_8,156.078000
8_14,156.074000
8_14_null_2,155.965000
8_14_null_10,169.531000
8_14_null_100,160.256000
2_8,156.167000
8_14,156.169000
8_14_null_2,156.018000
8_14_null_10,169.640000
8_14_null_100,160.135000
2_8,156.191000
8_14,156.081000
8_14_null_2,155.935000
8_14_null_10,169.614000
8_14_null_100,160.350000
2_8,156.276000
8_14,156.114000
8_14_null_2,155.995000
8_14_null_10,169.608000
8_14_null_100,160.450000
2_8,156.305000
8_14,156.060000
8_14_null_2,156.068000
8_14_null_10,169.542000
8_14_null_100,160.384000
2_8,156.083000
8_14,156.103000
8_14_null_2,155.906000
8_14_null_10,170.315000
8_14_null_100,160.229000
2_8,156.058000
8_14,156.062000
8_14_null_2,156.099000
8_14_null_10,169.709000
8_14_null_100,160.182000
2_8,156.447000
8_14,156.107000
8_14_null_2,156.055000
8_14_null_10,169.671000
8_14_null_100,160.329000
2_8,156.266000
8_14,156.313000
8_14_null_2,155.984000
8_14_null_10,169.587000
8_14_null_100,160.359000
2_8,155.983000
8_14,156.040000
8_14_null_2,156.176000
8_14_null_10,169.407000
8_14_null_100,160.407000
2_8,156.051000
8_14,156.067000
8_14_null_2,157.045000
8_14_null_10,169.500000
8_14_null_100,160.353000
2_8,156.183000
8_14,156.109000
8_14_null_2,156.074000
8_14_null_10,169.718000
8_14_null_100,160.085000
2_8,156.029000
8_14,156.093000
8_14_null_2,156.136000
8_14_null_10,169.622000
8_14_null_100,160.286000
2_8,156.037000
8_14,156.113000
8_14_null_2,155.986000
8_14_null_10,169.580000
8_14_null_100,160.492000
2_8,156.328000
8_14,155.992000
8_14_null_2,156.070000
8_14_null_10,169.575000
8_14_null_100,160.399000
2_8,156.592000
8_14,156.058000
8_14_null_2,155.909000
8_14_null_10,169.441000
8_14_null_100,160.220000
2_8,156.066000
8_14,156.039000
8_14_null_2,156.009000
8_14_null_10,169.698000
8_14_null_100,160.210000
2_8,155.976000
8_14,156.065000
8_14_null_2,156.046000
8_14_null_10,169.724000
8_14_null_100,160.336000
2_8,156.127000
8_14,156.067000
8_14_null_2,155.977000
8_14_null_10,169.524000
8_14_null_100,160.318000
2_8,156.127000
8_14,156.028000
8_14_null_2,156.000000
8_14_null_10,169.551000
8_14_null_100,160.433000
2_8,156.204000
8_14,156.014000
8_14_null_2,155.939000
8_14_null_10,169.422000
8_14_null_100,160.266000
2_8,155.673000
8_14,156.047000
8_14_null_2,156.078000
8_14_null_10,169.709000
8_14_null_100,160.169000
2_8,155.806000
8_14,156.072000
8_14_null_2,156.074000
8_14_null_10,169.547000
8_14_null_100,160.319000
2_8,156.156000
8_14,156.146000
8_14_null_2,156.022000
8_14_null_10,169.560000
8_14_null_100,160.327000
2_8,156.067000
8_14,156.043000
8_14_null_2,155.970000
8_14_null_10,168.656000
8_14_null_100,160.318000
2_8,156.082000
8_14,156.028000
8_14_null_2,155.963000
8_14_null_10,169.544000
8_14_null_100,160.445000
2_8,156.213000
8_14,156.093000
8_14_null_2,156.100000
8_14_null_10,169.666000
8_14_null_100,160.187000
2_8,155.989000
8_14,156.057000
8_14_null_2,156.055000
8_14_null_10,169.629000
8_14_null_100,160.338000
2_8,155.999000
8_14,156.057000
8_14_null_2,156.064000
8_14_null_10,169.554000
8_14_null_100,160.225000
2_8,156.015000
8_14,156.051000
8_14_null_2,156.036000
8_14_null_10,168.753000
8_14_null_100,160.350000
2_8,155.927000
8_14,156.057000
8_14_null_2,155.922000
8_14_null_10,169.457000
8_14_null_100,160.248000
2_8,156.042000
8_14,156.029000
8_14_null_2,156.115000
8_14_null_10,169.620000
8_14_null_100,160.148000
2_8,156.108000
8_14,156.107000
8_14_null_2,156.099000
8_14_null_10,169.576000
8_14_null_100,160.449000
2_8,156.128000
8_14,156.069000
8_14_null_2,156.025000
8_14_null_10,169.714000
8_14_null_100,160.502000
2_8,156.182000
8_14,155.986000
8_14_null_2,156.035000
8_14_null_10,169.976000
8_14_null_100,160.485000
2_8,155.843000
8_14,156.005000
8_14_null_2,155.966000
8_14_null_10,169.447000
8_14_null_100,160.322000
2_8,155.906000
8_14,156.104000
8_14_null_2,154.844000
8_14_null_10,169.675000
8_14_null_100,160.189000
2_8,155.825000
8_14,156.076000
8_14_null_2,156.032000
8_14_null_10,169.562000
8_14_null_100,160.414000
2_8,156.142000
8_14,156.096000
8_14_null_2,155.998000
8_14_null_10,168.787000
8_14_null_100,160.351000
2_8,155.740000
8_14,156.065000
8_14_null_2,156.016000
8_14_null_10,169.565000
8_14_null_100,160.370000
2_8,156.315000
8_14,156.025000
8_14_null_2,156.000000
8_14_null_10,169.530000
8_14_null_100,160.293000
2_8,156.016000
8_14,156.233000
8_14_null_2,156.080000
8_14_null_10,169.765000
8_14_null_100,160.351000
2_8,156.228000
8_14,156.066000
8_14_null_2,156.070000
8_14_null_10,169.550000
8_14_null_100,160.344000
2_8,156.191000
8_14,156.104000
8_14_null_2,156.022000
8_14_null_10,169.539000
8_14_null_100,160.350000
2_8,156.212000
8_14,156.042000
8_14_null_2,156.016000
8_14_null_10,169.641000
8_14_null_100,160.305000
2_8,156.237000
8_14,156.051000
8_14_null_2,156.000000
8_14_null_10,169.303000
8_14_null_100,160.296000
2_8,155.923000
8_14,156.079000
8_14_null_2,156.146000
8_14_null_10,169.605000
8_14_null_100,160.434000
2_8,156.277000
8_14,155.970000
8_14_null_2,156.050000
8_14_null_10,169.635000
8_14_null_100,160.348000
2_8,156.102000
8_14,156.131000
8_14_null_2,155.966000
8_14_null_10,169.564000
8_14_null_100,160.210000
2_8,156.224000
8_14,156.123000
8_14_null_2,156.011000
8_14_null_10,169.481000
8_14_null_100,160.485000
2_8,155.893000
8_14,156.012000
8_14_null_2,155.928000
8_14_null_10,169.640000
8_14_null_100,160.281000
2_8,156.004000
8_14,156.054000
8_14_null_2,156.128000
8_14_null_10,169.643000
8_14_null_100,160.141000
2_8,155.990000
8_14,156.008000
8_14_null_2,156.022000
8_14_null_10,169.533000
8_14_null_100,160.294000
2_8,156.122000
8_14,156.065000
8_14_null_2,155.996000
8_14_null_10,169.531000
8_14_null_100,160.268000
2_8,156.181000
8_14,156.012000
8_14_null_2,156.055000
8_14_null_10,169.619000
8_14_null_100,160.289000
2_8,156.253000
8_14,156.049000
8_14_null_2,155.989000
8_14_null_10,169.537000
8_14_null_100,160.951000
2_8,156.302000
8_14,156.107000
8_14_null_2,156.141000
8_14_null_10,169.541000
8_14_null_100,160.270000
2_8,155.994000
8_14,156.136000
8_14_null_2,156.053000
8_14_null_10,168.837000
8_14_null_100,160.382000
2_8,155.883000
8_14,156.140000
8_14_null_2,156.035000
8_14_null_10,169.599000
8_14_null_100,160.124000
2_8,155.815000
8_14,155.976000
8_14_null_2,155.973000
8_14_null_10,169.349000
8_14_null_100,160.274000
2_8,156.076000
8_14,156.093000
8_14_null_2,155.897000
8_14_null_10,169.510000
8_14_null_100,160.240000
2_8,156.132000
8_14,156.042000
8_14_null_2,156.022000
8_14_null_10,169.517000
8_14_null_100,160.236000
2_8,156.213000
8_14,156.012000
8_14_null_2,156.042000
8_14_null_10,168.416000
8_14_null_100,160.467000
2_8,156.017000
8_14,156.119000
8_14_null_2,155.979000
8_14_null_10,169.588000
8_14_null_100,160.373000
2_8,156.111000
8_14,155.960000
8_14_null_2,156.033000
8_14_null_10,169.705000
8_14_null_100,160.956000
2_8,156.229000
8_14,156.080000
8_14_null_2,155.946000
8_14_null_10,169.633000
8_14_null_100,160.028000
2_8,156.079000
8_14,156.042000
8_14_null_2,156.036000
8_14_null_10,169.492000
8_14_null_100,160.677000
2_8,156.113000
8_14,156.083000
8_14_null_2,155.961000
8_14_null_10,169.527000
8_14_null_100,160.365000
2_8,156.185000
8_14,156.077000
8_14_null_2,155.925000
8_14_null_10,169.575000
8_14_null_100,160.313000
2_8,156.099000
8_14,156.032000
8_14_null_2,155.994000
8_14_null_10,169.631000
8_14_null_100,160.298000
2_8,156.272000
8_14,156.013000
8_14_null_2,155.959000
8_14_null_10,169.508000
8_14_null_100,160.380000
2_8,156.337000
8_14,156.980000
8_14_null_2,156.047000
8_14_null_10,169.486000
8_14_null_100,160.184000
2_8,156.279000
8_14,156.097000
8_14_null_2,167.751000
8_14_null_10,181.284000
8_14_null_100,180.875000
2_8,169.918000
8_14,156.128000
8_14_null_2,156.081000
8_14_null_10,170.103000
8_14_null_100,160.260000
2_8,156.161000
8_14,155.904000
8_14_null_2,155.967000
8_14_null_10,170.465000
8_14_null_100,178.497000
2_8,156.361000
8_14,156.136000
8_14_null_2,155.889000
8_14_null_10,169.505000
8_14_null_100,160.298000
2_8,156.161000
8_14,156.130000
8_14_null_2,155.988000
8_14_null_10,169.565000
8_14_null_100,160.303000
2_8,156.247000
8_14,156.097000
8_14_null_2,156.126000
8_14_null_10,169.712000
8_14_null_100,160.202000
2_8,156.303000
8_14,156.006000
8_14_null_2,156.099000
8_14_null_10,169.646000
8_14_null_100,160.457000
2_8,156.217000
8_14,156.035000
8_14_null_2,156.033000
8_14_null_10,169.635000
8_14_null_100,160.300000
2_8,156.257000
8_14,156.010000
8_14_null_2,155.998000
8_14_null_10,169.619000
8_14_null_100,160.490000
2_8,156.125000
8_14,161.999000
8_14_null_2,155.982000
8_14_null_10,169.754000
8_14_null_100,160.211000
2_8,156.035000
8_14,156.055000
8_14_null_2,156.152000
8_14_null_10,169.714000
8_14_null_100,160.168000
2_8,156.101000
8_14,156.027000
8_14_null_2,156.178000
8_14_null_10,178.138000
8_14_null_100,175.573000
2_8,156.478000
8_14,155.920000
8_14_null_2,156.034000
8_14_null_10,169.664000
8_14_null_100,160.315000
2_8,156.028000
8_14,156.547000
8_14_null_2,156.246000
8_14_null_10,169.636000
8_14_null_100,160.585000
2_8,160.541000
8_14,156.058000
8_14_null_2,155.972000
8_14_null_10,169.540000
8_14_null_100,160.273000
2_8,156.395000
8_14,156.081000
8_14_null_2,156.062000
8_14_null_10,169.710000
8_14_null_100,160.229000
2_8,156.088000
8_14,156.063000
8_14_null_2,156.078000
8_14_null_10,169.655000
8_14_null_100,160.426000
2_8,156.114000
8_14,156.043000
8_14_null_2,155.995000
8_14_null_10,169.625000
8_14_null_100,160.330000
2_8,156.146000
8_14,156.038000
8_14_null_2,156.039000
8_14_null_10,169.622000
8_14_null_100,160.342000
2_8,155.874000
8_14,156.051000
8_14_null_2,156.017000
8_14_null_10,170.117000
8_14_null_100,160.250000
2_8,156.003000
8_14,156.042000
8_14_null_2,156.000000
8_14_null_10,169.632000
8_14_null_100,160.155000
2_8,155.934000
8_14,156.087000
8_14_null_2,156.093000
8_14_null_10,169.645000
8_14_null_100,160.322000
2_8,156.129000
8_14,156.058000
8_14_null_2,156.034000
8_14_null_10,169.677000
8_14_null_100,160.268000
2_8,156.013000
8_14,156.032000
8_14_null_2,155.935000
8_14_null_10,171.455000
8_14_null_100,160.352000
2_8,156.211000
8_14,156.041000
8_14_null_2,155.965000
8_14_null_10,169.430000
8_14_null_100,160.338000
2_8,156.345000
8_14,156.047000
8_14_null_2,155.970000
8_14_null_10,169.709000
8_14_null_100,160.117000
2_8,156.086000
8_14,156.023000
8_14_null_2,156.088000
8_14_null_10,169.508000
8_14_null_100,160.349000
2_8,155.877000
8_14,156.082000
8_14_null_2,155.971000
8_14_null_10,169.652000
8_14_null_100,160.418000
2_8,155.759000
8_14,156.008000
8_14_null_2,155.914000
8_14_null_10,169.688000
8_14_null_100,160.377000
2_8,156.133000
8_14,156.137000
8_14_null_2,155.985000
8_14_null_10,169.436000
8_14_null_100,160.276000
2_8,156.366000
8_14,155.965000
8_14_null_2,156.051000
8_14_null_10,169.602000
8_14_null_100,160.130000
2_8,156.158000
8_14,156.195000
8_14_null_2,156.031000
8_14_null_10,169.727000
8_14_null_100,160.458000
2_8,156.057000
8_14,156.082000
8_14_null_2,156.072000
8_14_null_10,169.628000
8_14_null_100,160.284000
2_8,156.022000
8_14,156.112000
8_14_null_2,155.969000
8_14_null_10,169.029000
8_14_null_100,160.394000
2_8,155.920000
8_14,156.093000
8_14_null_2,156.016000
8_14_null_10,169.673000
8_14_null_100,160.258000
2_8,156.301000
8_14,156.144000
8_14_null_2,156.064000
8_14_null_10,169.238000
8_14_null_100,160.206000
2_8,156.242000
8_14,156.179000
8_14_null_2,156.143000
8_14_null_10,169.608000
8_14_null_100,160.362000
2_8,156.174000
8_14,156.107000
8_14_null_2,156.118000
8_14_null_10,169.565000
8_14_null_100,160.219000
2_8,156.268000
8_14,156.094000
8_14_null_2,156.004000
8_14_null_10,169.694000
8_14_null_100,160.260000
2_8,156.208000
8_14,156.126000
8_14_null_2,156.002000
8_14_null_10,169.482000
8_14_null_100,160.425000
2_8,156.260000
8_14,156.018000
8_14_null_2,156.018000
8_14_null_10,169.552000
8_14_null_100,160.249000
2_8,156.278000
8_14,156.132000
8_14_null_2,156.146000
8_14_null_10,169.616000
8_14_null_100,160.378000
2_8,156.173000
8_14,156.185000
8_14_null_2,156.118000
8_14_null_10,169.687000
8_14_null_100,160.456000
2_8,156.234000
8_14,156.048000
8_14_null_2,155.969000
8_14_null_10,169.820000
8_14_null_100,160.466000
2_8,156.081000
8_14,156.240000
8_14_null_2,156.008000
8_14_null_10,169.520000
8_14_null_100,160.435000
2_8,156.227000
8_14,156.030000
8_14_null_2,156.063000
8_14_null_10,169.568000
8_14_null_100,160.265000
2_8,156.131000
8_14,156.192000
8_14_null_2,156.033000
8_14_null_10,169.569000
8_14_null_100,160.421000
2_8,156.184000
8_14,156.153000
8_14_null_2,156.028000
8_14_null_10,169.698000
8_14_null_100,160.315000
2_8,156.122000
8_14,156.071000
8_14_null_2,155.986000
8_14_null_10,169.023000
8_14_null_100,160.397000
2_8,155.900000
8_14,156.911000
8_14_null_2,156.094000
8_14_null_10,169.471000
8_14_null_100,160.462000
2_8,156.708000
8_14,156.059000
8_14_null_2,156.049000
8_14_null_10,169.619000
8_14_null_100,160.432000
2_8,156.106000
8_14,156.242000
8_14_null_2,156.006000
8_14_null_10,169.675000
8_14_null_100,160.371000
2_8,155.834000
8_14,156.061000
8_14_null_2,156.151000
8_14_null_10,169.578000
8_14_null_100,160.269000
2_8,155.960000
8_14,156.038000
8_14_null_2,155.950000
8_14_null_10,169.714000
8_14_null_100,160.353000
2_8,156.186000
8_14,156.086000
8_14_null_2,156.009000
8_14_null_10,169.479000
8_14_null_100,160.347000
2_8,156.330000
8_14,156.094000
8_14_null_2,156.012000
8_14_null_10,169.486000
8_14_null_100,160.204000
2_8,155.699000
8_14,156.218000
8_14_null_2,155.963000
8_14_null_10,169.557000
8_14_null_100,160.409000
2_8,156.007000
8_14,156.169000
8_14_null_2,156.061000
8_14_null_10,169.644000
8_14_null_100,160.291000
2_8,156.254000
8_14,156.021000
8_14_null_2,155.993000
8_14_null_10,169.768000
8_14_null_100,160.225000
2_8,156.058000
8_14,156.122000
8_14_null_2,155.952000
8_14_null_10,169.544000
8_14_null_100,160.428000
2_8,156.484000
8_14,156.030000
8_14_null_2,156.044000
8_14_null_10,169.628000
8_14_null_100,160.213000
2_8,156.048000
8_14,156.078000
8_14_null_2,155.978000
8_14_null_10,169.779000
8_14_null_100,160.260000
2_8,156.108000
8_14,156.163000
8_14_null_2,156.095000
8_14_null_10,169.618000
8_14_null_100,160.292000
2_8,156.149000
8_14,155.989000
8_14_null_2,156.021000
8_14_null_10,169.801000
8_14_null_100,160.246000
2_8,155.719000
8_14,156.096000
8_14_null_2,155.924000
8_14_null_10,169.486000
8_14_null_100,160.499000
2_8,155.887000
8_14,155.965000
8_14_null_2,156.022000
8_14_null_10,169.495000
8_14_null_100,160.147000
2_8,156.110000
8_14,156.203000
8_14_null_2,155.987000
8_14_null_10,170.958000
8_14_null_100,160.250000
2_8,156.216000
8_14,156.070000
8_14_null_2,156.063000
8_14_null_10,169.563000
8_14_null_100,160.264000
2_8,155.829000
8_14,156.007000
8_14_null_2,155.963000
8_14_null_10,169.678000
8_14_null_100,160.190000
2_8,155.785000
8_14,156.178000
8_14_null_2,155.910000
8_14_null_10,169.650000
8_14_null_100,160.487000
2_8,156.124000
8_14,156.003000
8_14_null_2,156.054000
8_14_null_10,169.488000
8_14_null_100,160.216000
2_8,156.210000
8_14,156.213000
8_14_null_2,155.980000
8_14_null_10,169.709000
8_14_null_100,159.959000
2_8,156.046000
8_14,156.140000
8_14_null_2,156.059000
8_14_null_10,169.595000
8_14_null_100,160.220000
2_8,156.238000
8_14,156.011000
8_14_null_2,155.997000
8_14_null_10,169.712000
8_14_null_100,160.294000
2_8,156.045000
8_14,156.039000
8_14_null_2,156.020000
8_14_null_10,169.582000
8_14_null_100,160.360000
2_8,156.214000
8_14,156.031000
8_14_null_2,156.039000
8_14_null_10,169.544000
8_14_null_100,160.257000
2_8,156.041000
8_14,156.113000
8_14_null_2,155.906000
8_14_null_10,169.694000
8_14_null_100,160.266000
2_8,155.994000
8_14,157.814000
8_14_null_2,156.345000
8_14_null_10,169.527000
8_14_null_100,160.271000
2_8,155.789000
8_14,155.722000
8_14_null_2,156.060000
8_14_null_10,169.686000
8_14_null_100,160.205000
2_8,156.174000
8_14,156.069000
8_14_null_2,155.959000
8_14_null_10,169.555000
8_14_null_100,160.440000
2_8,156.117000
8_14,155.956000
8_14_null_2,156.039000
8_14_null_10,169.701000
8_14_null_100,160.225000
2_8,156.015000
8_14,156.345000
8_14_null_2,156.102000
8_14_null_10,169.232000
8_14_null_100,160.247000
2_8,155.942000
8_14,156.060000
8_14_null_2,156.050000
8_14_null_10,169.564000
8_14_null_100,160.257000
2_8,156.302000
8_14,156.009000
8_14_null_2,156.045000
8_14_null_10,169.646000
8_14_null_100,160.293000
2_8,157.897000
8_14,156.111000
8_14_null_2,155.932000
8_14_null_10,169.489000
8_14_null_100,160.472000
2_8,156.211000
8_14,156.101000
8_14_null_2,156.130000
8_14_null_10,169.640000
8_14_null_100,160.368000
2_8,156.368000
8_14,155.955000
8_14_null_2,155.920000
8_14_null_10,169.706000
8_14_null_100,160.182000
2_8,155.797000
8_14,156.234000
8_14_null_2,156.058000
8_14_null_10,169.572000
8_14_null_100,160.416000
2_8,156.128000
8_14,156.061000
8_14_null_2,156.138000
8_14_null_10,169.600000
8_14_null_100,160.207000
2_8,156.035000
8_14,156.060000
8_14_null_2,155.919000
8_14_null_10,169.811000
8_14_null_100,160.427000
2_8,155.733000
8_14,156.040000
8_14_null_2,155.992000
8_14_null_10,169.845000
8_14_null_100,160.179000
2_8,156.027000
8_14,155.969000
8_14_null_2,156.018000
8_14_null_10,169.655000
8_14_null_100,160.264000
2_8,156.056000
8_14,156.147000
8_14_null_2,156.033000
8_14_null_10,169.552000
8_14_null_100,160.468000
2_8,156.196000
8_14,155.996000
8_14_null_2,156.018000
8_14_null_10,169.717000
8_14_null_100,160.193000
2_8,156.136000
8_14,156.058000
8_14_null_2,155.949000
8_14_null_10,169.602000
8_14_null_100,160.490000
2_8,156.287000
8_14,156.028000
8_14_null_2,156.029000
8_14_null_10,169.460000
8_14_null_100,160.220000
2_8,156.200000
8_14,156.059000
8_14_null_2,156.481000
8_14_null_10,169.728000
8_14_null_100,160.276000
2_8,156.181000
8_14,156.137000
8_14_null_2,156.016000
8_14_null_10,169.532000
8_14_null_100,160.412000
2_8,156.259000
8_14,156.032000
8_14_null_2,156.070000
8_14_null_10,169.610000
8_14_null_100,160.311000
2_8,156.089000
8_14,156.042000
8_14_null_2,155.992000
8_14_null_10,169.472000
8_14_null_100,160.479000
2_8,156.045000
8_14,156.017000
8_14_null_2,156.061000
8_14_null_10,169.617000
8_14_null_100,160.229000
2_8,156.123000
8_14,156.053000
8_14_null_2,155.976000
8_14_null_10,169.699000
8_14_null_100,160.451000
2_8,156.077000
8_14,156.191000
8_14_null_2,156.026000
8_14_null_10,169.567000
8_14_null_100,160.081000
2_8,155.904000
8_14,156.037000
8_14_null_2,156.102000
8_14_null_10,169.561000
8_14_null_100,160.161000
2_8,156.255000
8_14,156.029000
8_14_null_2,155.981000
8_14_null_10,169.466000
8_14_null_100,160.198000
2_8,155.810000
8_14,156.009000
8_14_null_2,156.068000
8_14_null_10,169.545000
8_14_null_100,160.192000
2_8,156.161000
8_14,156.039000
8_14_null_2,155.955000
8_14_null_10,169.510000
8_14_null_100,160.462000
2_8,156.204000
8_14,156.196000
8_14_null_2,156.027000
8_14_null_10,169.559000
8_14_null_100,160.481000
2_8,156.176000
8_14,156.026000
8_14_null_2,156.076000
8_14_null_10,169.573000
8_14_null_100,160.302000
2_8,156.114000
8_14,156.187000
8_14_null_2,155.970000
8_14_null_10,169.700000
8_14_null_100,160.286000
2_8,156.180000
8_14,156.651000
8_14_null_2,156.078000
8_14_null_10,169.940000
8_14_null_100,160.296000
2_8,156.161000
8_14,155.955000
8_14_null_2,155.968000
8_14_null_10,169.212000
8_14_null_100,160.298000
2_8,155.815000
8_14,156.185000
8_14_null_2,155.933000
8_14_null_10,169.507000
8_14_null_100,160.369000
2_8,156.227000
8_14,156.058000
8_14_null_2,156.073000
8_14_null_10,168.928000
8_14_null_100,160.212000
2_8,155.886000
8_14,156.064000
8_14_null_2,155.946000
8_14_null_10,169.602000
8_14_null_100,160.928000
2_8,156.757000
8_14,156.380000
8_14_null_2,156.034000
8_14_null_10,169.695000
8_14_null_100,160.213000
2_8,156.137000
8_14,155.959000
8_14_null_2,156.046000
8_14_null_10,170.263000
8_14_null_100,160.596000
2_8,157.433000
8_14,156.675000
8_14_null_2,156.679000
8_14_null_10,178.111000
8_14_null_100,163.039000
2_8,156.529000
8_14,156.207000
8_14_null_2,156.220000
8_14_null_10,169.834000
8_14_null_100,160.293000
2_8,156.972000
8_14,156.309000
8_14_null_2,156.310000
8_14_null_10,170.640000
8_14_null_100,162.478000
2_8,157.846000
8_14,157.574000
8_14_null_2,156.666000
8_14_null_10,170.453000
8_14_null_100,160.646000
2_8,156.451000
8_14,157.887000
8_14_null_2,157.175000
8_14_null_10,169.824000
8_14_null_100,160.458000
2_8,156.818000
8_14,156.102000
8_14_null_2,155.790000
8_14_null_10,170.946000
8_14_null_100,161.371000
2_8,157.505000
8_14,156.175000
8_14_null_2,154.775000
8_14_null_10,169.951000
8_14_null_100,160.360000
2_8,156.136000
8_14,156.221000
8_14_null_2,156.036000
8_14_null_10,169.803000
8_14_null_100,160.306000
2_8,156.330000
8_14,156.077000
8_14_null_2,156.117000
8_14_null_10,169.735000
8_14_null_100,160.195000
2_8,156.346000
8_14,157.692000
8_14_null_2,156.207000
8_14_null_10,171.014000
8_14_null_100,161.494000
2_8,157.235000
8_14,156.681000
8_14_null_2,156.983000
8_14_null_10,170.926000
8_14_null_100,161.793000
2_8,157.817000
8_14,157.279000
8_14_null_2,155.860000
8_14_null_10,170.092000
8_14_null_100,162.069000
2_8,157.830000
8_14,157.736000
8_14_null_2,157.048000
8_14_null_10,170.812000
8_14_null_100,161.001000
2_8,156.167000
8_14,156.219000
8_14_null_2,156.202000
8_14_null_10,169.626000
8_14_null_100,160.639000
2_8,156.365000
8_14,156.131000
8_14_null_2,156.049000
8_14_null_10,170.406000
8_14_null_100,160.326000
2_8,157.476000
8_14,157.932000
8_14_null_2,156.654000
8_14_null_10,171.490000
8_14_null_100,161.810000
2_8,157.119000
8_14,155.987000
8_14_null_2,156.099000
8_14_null_10,169.707000
8_14_null_100,160.396000
2_8,156.030000
8_14,156.081000
8_14_null_2,155.911000
8_14_null_10,169.681000
8_14_null_100,160.212000
2_8,156.081000
8_14,155.993000
8_14_null_2,155.978000
8_14_null_10,169.425000
8_14_null_100,160.276000
2_8,156.169000
8_14,156.111000
8_14_null_2,156.114000
8_14_null_10,169.790000
8_14_null_100,161.576000
2_8,158.881000
8_14,160.381000
8_14_null_2,171.040000
8_14_null_10,187.044000
8_14_null_100,181.652000
2_8,160.492000
8_14,156.224000
8_14_null_2,156.182000
8_14_null_10,169.711000
8_14_null_100,160.367000
2_8,156.135000
8_14,155.921000
8_14_null_2,155.922000
8_14_null_10,171.746000
8_14_null_100,177.417000
2_8,157.214000
8_14,157.436000
8_14_null_2,156.507000
8_14_null_10,171.184000
8_14_null_100,161.827000
2_8,157.347000
8_14,157.244000
8_14_null_2,156.787000
8_14_null_10,169.908000
8_14_null_100,160.421000
2_8,156.205000
8_14,156.157000
8_14_null_2,156.174000
8_14_null_10,169.856000
8_14_null_100,160.427000
2_8,156.085000
8_14,156.167000
8_14_null_2,156.288000
8_14_null_10,169.649000
8_14_null_100,160.376000
2_8,156.102000
8_14,156.089000
8_14_null_2,156.063000
8_14_null_10,170.037000
8_14_null_100,160.412000
2_8,156.018000
8_14,155.944000
8_14_null_2,155.961000
8_14_null_10,169.778000
8_14_null_100,160.144000
2_8,155.886000
8_14,156.157000
8_14_null_2,155.945000
8_14_null_10,169.484000
8_14_null_100,160.428000
2_8,156.188000
8_14,156.008000
8_14_null_2,156.048000
8_14_null_10,170.327000
8_14_null_100,160.256000
2_8,156.171000
8_14,156.178000
8_14_null_2,155.964000
8_14_null_10,169.631000
8_14_null_100,160.406000
2_8,156.303000
8_14,157.347000
8_14_null_2,157.097000
8_14_null_10,171.128000
8_14_null_100,161.525000
2_8,157.722000
8_14,157.240000
8_14_null_2,156.603000
8_14_null_10,169.739000
8_14_null_100,160.220000
2_8,156.218000
8_14,156.157000
8_14_null_2,157.197000
8_14_null_10,171.120000
8_14_null_100,161.019000
2_8,156.469000
8_14,157.704000
8_14_null_2,163.526000
8_14_null_10,171.371000
8_14_null_100,161.876000
2_8,157.992000
8_14,156.563000
8_14_null_2,155.938000
8_14_null_10,169.557000
8_14_null_100,160.500000
2_8,156.349000
8_14,156.198000
8_14_null_2,155.986000
8_14_null_10,170.861000
8_14_null_100,161.945000
2_8,158.046000
8_14,157.253000
8_14_null_2,156.200000
8_14_null_10,169.798000
8_14_null_100,161.582000
2_8,157.516000
8_14,157.419000
8_14_null_2,157.454000
8_14_null_10,171.425000
8_14_null_100,162.497000
2_8,158.005000
8_14,157.353000
8_14_null_2,156.269000
8_14_null_10,169.618000
8_14_null_100,160.260000
2_8,157.069000
8_14,157.731000
8_14_null_2,157.715000
8_14_null_10,171.455000
8_14_null_100,162.024000
2_8,157.198000
8_14,156.344000
8_14_null_2,156.168000
8_14_null_10,169.682000
8_14_null_100,160.425000
2_8,156.445000
8_14,156.049000
8_14_null_2,156.402000
8_14_null_10,169.756000
8_14_null_100,160.447000
2_8,156.373000
8_14,156.512000
8_14_null_2,156.140000
8_14_null_10,169.514000
8_14_null_100,160.397000
2_8,156.152000
8_14,155.994000
8_14_null_2,156.868000
8_14_null_10,170.344000
8_14_null_100,160.293000
2_8,156.274000
8_14,155.995000
8_14_null_2,155.979000
8_14_null_10,169.630000
8_14_null_100,160.316000
2_8,156.301000
8_14,156.196000
8_14_null_2,156.001000
8_14_null_10,169.467000
8_14_null_100,160.306000
2_8,156.334000
8_14,156.012000
8_14_null_2,156.097000
8_14_null_10,169.666000
8_14_null_100,160.206000
2_8,156.018000
8_14,156.093000
8_14_null_2,155.997000
8_14_null_10,169.790000
8_14_null_100,160.450000
2_8,156.050000
8_14,156.034000
8_14_null_2,156.196000
8_14_null_10,169.516000
8_14_null_100,160.456000
2_8,156.234000
8_14,155.985000
8_14_null_2,155.965000
8_14_null_10,169.575000
8_14_null_100,160.284000
2_8,156.210000
8_14,156.189000
8_14_null_2,156.477000
8_14_null_10,171.409000
8_14_null_100,162.110000
2_8,157.813000
8_14,157.212000
8_14_null_2,156.592000
8_14_null_10,170.376000
8_14_null_100,161.490000
2_8,157.471000
8_14,156.884000
8_14_null_2,156.464000
8_14_null_10,169.232000
8_14_null_100,165.110000
2_8,159.941000
8_14,156.204000
8_14_null_2,156.045000
8_14_null_10,169.662000
8_14_null_100,160.835000
2_8,156.175000
8_14,155.820000
8_14_null_2,155.834000
8_14_null_10,172.427000
8_14_null_100,161.560000
2_8,157.296000
8_14,157.137000
8_14_null_2,156.383000
8_14_null_10,169.352000
8_14_null_100,160.090000
2_8,155.875000
8_14,156.007000
8_14_null_2,155.955000
8_14_null_10,169.225000
8_14_null_100,160.113000
2_8,158.684000
8_14,158.060000
8_14_null_2,156.623000
8_14_null_10,169.313000
8_14_null_100,160.017000
2_8,155.852000
8_14,157.129000
8_14_null_2,156.320000
8_14_null_10,169.462000
8_14_null_100,160.495000
2_8,157.549000
8_14,158.773000
8_14_null_2,158.680000
8_14_null_10,171.032000
8_14_null_100,160.224000
2_8,155.980000
8_14,155.819000
8_14_null_2,155.834000
8_14_null_10,169.696000
8_14_null_100,160.422000
2_8,155.946000
8_14,156.011000
8_14_null_2,155.848000
8_14_null_10,169.573000
8_14_null_100,160.504000
2_8,156.304000
8_14,156.081000
8_14_null_2,155.855000
8_14_null_10,169.501000
8_14_null_100,160.148000
2_8,155.881000
8_14,155.805000
8_14_null_2,155.834000
8_14_null_10,172.287000
8_14_null_100,160.973000
2_8,155.874000
8_14,156.132000
8_14_null_2,156.178000
8_14_null_10,172.957000
8_14_null_100,168.352000
2_8,156.362000
8_14,156.708000
8_14_null_2,155.991000
8_14_null_10,169.701000
8_14_null_100,160.458000
2_8,156.473000
8_14,156.110000
8_14_null_2,156.106000
8_14_null_10,169.828000
8_14_null_100,160.631000
2_8,156.611000
8_14,156.381000
8_14_null_2,155.993000
8_14_null_10,170.258000
8_14_null_100,160.244000
2_8,156.279000
8_14,156.029000
8_14_null_2,156.124000
8_14_null_10,169.522000
8_14_null_100,160.950000
2_8,157.125000
8_14,156.836000
8_14_null_2,156.222000
8_14_null_10,169.343000
8_14_null_100,160.367000
2_8,156.400000
8_14,156.158000
8_14_null_2,155.845000
8_14_null_10,169.788000
8_14_null_100,160.626000
2_8,156.422000
8_14,155.974000
8_14_null_2,156.199000
8_14_null_10,170.001000
8_14_null_100,160.318000
2_8,156.270000
8_14,156.131000
8_14_null_2,156.636000
8_14_null_10,169.829000
8_14_null_100,160.395000
2_8,156.485000
8_14,156.192000
8_14_null_2,156.164000
8_14_null_10,169.808000
8_14_null_100,160.651000
2_8,156.306000
8_14,156.868000
8_14_null_2,155.960000
8_14_null_10,169.745000
8_14_null_100,160.518000
2_8,156.302000
8_14,156.317000
8_14_null_2,156.110000
8_14_null_10,169.619000
8_14_null_100,160.624000
2_8,156.292000
8_14,156.386000
8_14_null_2,157.757000
8_14_null_10,170.196000
8_14_null_100,168.793000
2_8,157.219000
8_14,156.496000
8_14_null_2,156.359000
8_14_null_10,170.358000
8_14_null_100,160.583000
2_8,157.037000
8_14,156.205000
8_14_null_2,156.600000
8_14_null_10,170.299000
8_14_null_100,160.891000
2_8,157.260000
8_14,157.079000
8_14_null_2,156.731000
8_14_null_10,170.932000
8_14_null_100,161.205000
2_8,157.297000
8_14,156.767000
8_14_null_2,156.219000
8_14_null_10,170.154000
8_14_null_100,160.699000
2_8,156.287000
8_14,156.737000
8_14_null_2,156.769000
8_14_null_10,169.754000
8_14_null_100,160.949000
2_8,156.363000
8_14,156.715000
8_14_null_2,156.694000
8_14_null_10,169.873000
8_14_null_100,160.758000
2_8,156.649000
8_14,156.307000
8_14_null_2,156.438000
8_14_null_10,169.618000
8_14_null_100,160.940000
2_8,156.751000
8_14,156.183000
8_14_null_2,156.388000
8_14_null_10,169.629000
8_14_null_100,160.868000
2_8,156.512000
8_14,156.038000
8_14_null_2,156.500000
8_14_null_10,170.715000
8_14_null_100,160.326000
2_8,156.846000
8_14,156.298000
8_14_null_2,156.601000
8_14_null_10,170.038000
8_14_null_100,160.388000
2_8,156.596000
8_14,156.620000
8_14_null_2,156.295000
8_14_null_10,169.600000
8_14_null_100,160.456000
2_8,156.186000
8_14,156.041000
8_14_null_2,156.155000
8_14_null_10,169.401000
8_14_null_100,160.374000
2_8,156.119000
8_14,156.250000
8_14_null_2,156.165000
8_14_null_10,169.578000
8_14_null_100,160.261000
2_8,156.187000
8_14,156.842000
8_14_null_2,156.149000
8_14_null_10,171.808000
8_14_null_100,161.108000
2_8,157.126000
8_14,156.169000
8_14_null_2,156.013000
8_14_null_10,169.512000
8_14_null_100,160.493000
2_8,156.214000
8_14,156.133000
8_14_null_2,156.017000
8_14_null_10,170.764000
8_14_null_100,160.246000
2_8,156.134000
8_14,156.034000
8_14_null_2,155.946000
8_14_null_10,169.666000
8_14_null_100,160.239000
2_8,156.045000
8_14,156.010000
8_14_null_2,155.945000
8_14_null_10,169.343000
8_14_null_100,160.246000
2_8,156.182000
8_14,155.982000
8_14_null_2,155.991000
8_14_null_10,169.653000
8_14_null_100,160.256000
2_8,156.043000
8_14,156.127000
8_14_null_2,155.928000
8_14_null_10,169.444000
8_14_null_100,160.154000
2_8,156.047000
8_14,156.001000
8_14_null_2,156.020000
8_14_null_10,170.325000
8_14_null_100,160.082000
2_8,155.923000
8_14,156.110000
8_14_null_2,155.957000
8_14_null_10,169.827000
8_14_null_100,160.559000
2_8,156.252000
8_14,156.297000
8_14_null_2,155.589000
8_14_null_10,169.640000
8_14_null_100,160.315000
2_8,156.127000
8_14,155.965000
8_14_null_2,155.996000
8_14_null_10,169.805000
8_14_null_100,160.274000
2_8,155.988000
8_14,156.351000
8_14_null_2,156.183000
8_14_null_10,169.351000
8_14_null_100,160.401000
2_8,156.031000
8_14,156.012000
8_14_null_2,155.972000
8_14_null_10,169.439000
8_14_null_100,160.212000
2_8,156.065000
8_14,156.095000
8_14_null_2,156.031000
8_14_null_10,170.072000
8_14_null_100,160.457000
2_8,156.073000
8_14,155.983000
8_14_null_2,155.932000
8_14_null_10,169.650000
8_14_null_100,160.287000
2_8,156.143000
8_14,155.959000
8_14_null_2,155.971000
8_14_null_10,169.562000
8_14_null_100,160.383000
2_8,156.009000
8_14,156.190000
8_14_null_2,156.267000
8_14_null_10,169.755000
8_14_null_100,160.455000
2_8,156.115000
8_14,156.233000
8_14_null_2,156.213000
8_14_null_10,169.991000
8_14_null_100,160.426000
2_8,156.259000
8_14,156.027000
8_14_null_2,156.166000
8_14_null_10,169.524000
8_14_null_100,160.462000
2_8,156.349000
8_14,156.186000
8_14_null_2,155.939000
8_14_null_10,169.615000
8_14_null_100,160.313000
2_8,156.132000
8_14,156.036000
8_14_null_2,155.982000
8_14_null_10,169.498000
8_14_null_100,160.211000
2_8,155.978000
8_14,156.034000
8_14_null_2,156.086000
8_14_null_10,169.503000
8_14_null_100,160.274000
2_8,155.863000
8_14,156.136000
8_14_null_2,156.065000
8_14_null_10,169.515000
8_14_null_100,160.146000
2_8,155.983000
8_14,156.102000
8_14_null_2,156.620000
8_14_null_10,170.903000
8_14_null_100,161.785000
2_8,157.380000
8_14,158.036000
8_14_null_2,156.367000
8_14_null_10,170.046000
8_14_null_100,160.419000
2_8,155.875000
8_14,155.855000
8_14_null_2,155.851000
8_14_null_10,169.594000
8_14_null_100,160.213000
2_8,156.234000
8_14,156.590000
8_14_null_2,155.671000
8_14_null_10,169.750000
8_14_null_100,160.361000
2_8,155.970000
8_14,156.138000
8_14_null_2,156.086000
8_14_null_10,169.493000
8_14_null_100,160.094000
2_8,156.297000
8_14,156.202000
8_14_null_2,156.001000
8_14_null_10,169.791000
8_14_null_100,160.186000
2_8,156.084000
8_14,155.895000
8_14_null_2,155.895000
8_14_null_10,169.441000
8_14_null_100,160.443000
2_8,156.059000
8_14,156.001000
8_14_null_2,156.074000
8_14_null_10,169.480000
8_14_null_100,160.270000
2_8,156.305000
8_14,156.366000
8_14_null_2,156.231000
8_14_null_10,169.900000
8_14_null_100,160.676000
2_8,156.078000
8_14,156.303000
8_14_null_2,156.315000
8_14_null_10,169.495000
8_14_null_100,160.227000
2_8,156.172000
8_14,157.021000
8_14_null_2,155.172000
8_14_null_10,170.885000
8_14_null_100,161.929000
2_8,157.565000
8_14,156.343000
8_14_null_2,155.924000
8_14_null_10,169.890000
8_14_null_100,161.961000
2_8,157.368000
8_14,156.717000
8_14_null_2,156.532000
8_14_null_10,169.631000
8_14_null_100,160.679000
2_8,156.093000
8_14,156.146000
8_14_null_2,157.880000
8_14_null_10,169.281000
8_14_null_100,159.969000
2_8,155.719000
8_14,156.492000
8_14_null_2,155.857000
8_14_null_10,177.444000
8_14_null_100,174.630000
2_8,176.124000
8_14,172.773000
8_14_null_2,156.417000
8_14_null_10,169.599000
8_14_null_100,167.393000
2_8,158.292000
8_14,155.895000
8_14_null_2,156.009000
8_14_null_10,169.217000
8_14_null_100,159.920000
2_8,172.133000
8_14,158.346000
8_14_null_2,157.105000
8_14_null_10,169.498000
8_14_null_100,160.384000
2_8,155.853000
8_14,156.117000
8_14_null_2,156.020000
8_14_null_10,170.230000
8_14_null_100,160.395000
2_8,156.161000
8_14,156.185000
8_14_null_2,156.137000
8_14_null_10,169.703000
8_14_null_100,160.324000
2_8,155.997000
8_14,156.195000
8_14_null_2,155.668000
8_14_null_10,169.599000
8_14_null_100,160.194000
2_8,155.846000
8_14,156.023000
8_14_null_2,156.042000
8_14_null_10,169.418000
8_14_null_100,160.011000
2_8,155.914000
8_14,155.924000
8_14_null_2,156.169000
8_14_null_10,169.596000
8_14_null_100,160.190000
2_8,155.974000
8_14,155.926000
8_14_null_2,155.871000
8_14_null_10,169.526000
8_14_null_100,161.331000
2_8,157.348000
8_14,157.181000
8_14_null_2,155.895000
8_14_null_10,169.673000
8_14_null_100,160.018000
2_8,155.861000
8_14,155.815000
8_14_null_2,156.975000
8_14_null_10,170.940000
8_14_null_100,161.435000
2_8,156.841000
8_14,156.074000
8_14_null_2,157.696000
8_14_null_10,169.891000
8_14_null_100,160.795000
2_8,167.335000
8_14,156.190000
8_14_null_2,156.004000
8_14_null_10,169.632000
8_14_null_100,160.272000
2_8,156.173000
8_14,156.677000
8_14_null_2,156.022000
8_14_null_10,169.393000
8_14_null_100,160.268000
2_8,156.168000
8_14,156.138000
8_14_null_2,156.185000
8_14_null_10,169.683000
8_14_null_100,161.035000
2_8,156.989000
8_14,156.443000
8_14_null_2,156.055000
8_14_null_10,169.571000
8_14_null_100,160.260000
2_8,156.255000
8_14,156.065000
8_14_null_2,156.100000
8_14_null_10,169.703000
8_14_null_100,160.271000
2_8,156.262000
8_14,155.982000
8_14_null_2,155.948000
8_14_null_10,169.543000
8_14_null_100,160.260000
2_8,156.161000
8_14,156.150000
8_14_null_2,155.981000
8_14_null_10,169.658000
8_14_null_100,160.384000
2_8,156.210000
8_14,156.049000
8_14_null_2,156.002000
8_14_null_10,169.457000
8_14_null_100,160.316000
2_8,156.182000
8_14,156.035000
8_14_null_2,155.982000
8_14_null_10,169.530000
8_14_null_100,160.183000
2_8,156.197000
8_14,156.048000
8_14_null_2,156.010000
8_14_null_10,169.758000
8_14_null_100,160.228000
2_8,156.303000
8_14,156.083000
8_14_null_2,156.006000
8_14_null_10,169.570000
8_14_null_100,160.292000
2_8,156.168000
8_14,156.130000
8_14_null_2,156.036000
8_14_null_10,169.652000
8_14_null_100,160.314000
2_8,156.246000
8_14,156.010000
8_14_null_2,156.033000
8_14_null_10,169.442000
8_14_null_100,160.335000
2_8,156.253000
8_14,156.106000
8_14_null_2,156.034000
8_14_null_10,169.550000
8_14_null_100,160.328000
2_8,156.071000
8_14,155.964000
8_14_null_2,156.036000
8_14_null_10,169.761000
8_14_null_100,160.199000
2_8,156.482000
8_14,156.010000
8_14_null_2,155.950000
8_14_null_10,169.532000
8_14_null_100,160.286000
2_8,155.927000
8_14,156.067000
8_14_null_2,156.053000
8_14_null_10,169.710000
8_14_null_100,160.265000
2_8,156.276000
8_14,156.096000
8_14_null_2,156.150000
8_14_null_10,171.790000
8_14_null_100,160.317000
2_8,156.287000
8_14,156.085000
8_14_null_2,156.012000
8_14_null_10,169.545000
8_14_null_100,160.338000
2_8,156.160000
8_14,156.015000
8_14_null_2,156.031000
8_14_null_10,169.813000
8_14_null_100,160.164000
2_8,156.203000
8_14,156.037000
8_14_null_2,155.936000
8_14_null_10,169.506000
8_14_null_100,160.293000
2_8,156.278000
8_14,156.094000
8_14_null_2,155.931000
8_14_null_10,169.702000
8_14_null_100,160.263000
2_8,156.039000
8_14,156.088000
8_14_null_2,155.990000
8_14_null_10,169.558000
8_14_null_100,160.407000
2_8,155.980000
8_14,156.402000
8_14_null_2,155.979000
8_14_null_10,169.553000
8_14_null_100,160.301000
2_8,156.216000
8_14,156.024000
8_14_null_2,156.174000
8_14_null_10,169.717000
8_14_null_100,160.182000
2_8,156.216000
8_14,155.926000
8_14_null_2,155.936000
8_14_null_10,169.543000
8_14_null_100,160.310000
2_8,156.048000
8_14,156.676000
8_14_null_2,155.944000
8_14_null_10,169.622000
8_14_null_100,160.340000
2_8,156.743000
8_14,156.040000
8_14_null_2,156.024000
8_14_null_10,169.481000
8_14_null_100,160.348000
2_8,156.218000
8_14,156.130000
8_14_null_2,156.113000
8_14_null_10,169.550000
8_14_null_100,160.248000
2_8,156.017000
8_14,156.035000
8_14_null_2,156.033000
8_14_null_10,169.702000
8_14_null_100,160.213000
2_8,156.212000
8_14,155.966000
8_14_null_2,155.931000
8_14_null_10,169.543000
8_14_null_100,160.450000
2_8,155.916000
8_14,156.125000
8_14_null_2,156.022000
8_14_null_10,169.688000
8_14_null_100,160.210000
